Country,1930Finish,1934Finish,1938Finish,1950Finish,1954Finish,1958Finish,1962Finish,1966Finish,1970Finish,1974Finish,1978Finish,1982Finish,1986Finish,1990Finish,1994Finish,1998Finish,2002Finish,2006Finish,2010Finish,2014Finish,GoalsScored,AllTimeRecord,HighestEverFinish,WorldCupWins,GoalsPerGame,GoalsConceded,GoalsConcededPerGame
France,Group Stage,Round of 16,Quarterfinalists,Did Not Qualify,Group Stage,Third Place,Did Not Qualify,Group Stage,Did Not Qualify,Did Not Qualify,Group Stage,Semifinalists,Third Place,Did Not Qualify,Did Not Qualify,Winners,Group Stage,Winners,Group Stage,Quarterfinalists,106,32-19-8,Winners-2006,2,1.80,71,1.20
Mexico,Group Stage,Did Not Qualify,Did Not Qualify,Group Stage,Group Stage,Group Stage,Group Stage,Group Stage,Quarterfinalists,Did Not Qualify,Group Stage,Did Not Qualify,Quarterfinalists,Did Not Qualify,Round of 16,Round of 16,Round of 16,Round of 16,Round of 16,Round of 16,57,15-26-12,Quarterfinalists-1986,0,1.08,92,1.74
Argentina,Runners-Up,Round of 16,Did Not Qualify,Did Not Qualify,Did Not Qualify,Group Stage,Group Stage,Quarterfinalists,Did Not Qualify,Group Stage,Winners,Group Stage,Winners,Runners-Up,Round of 16,Quarterfinalists,Group Stage,Quarterfinalists,Quarterfinalists,Runners-Up,131,46-22-9,Winners-1986,2,1.70,84,1.09
Chile,Group Stage,Did Not Qualify,Did Not Qualify,Group Stage,Did Not Qualify,Did Not Qualify,Third Place,Group Stage,Did Not Qualify,Group Stage,Did Not Qualify,Group Stage,Did Not Qualify,Did Not Qualify,Did Not Qualify,Round of 16,Did Not Qualify,Did Not Qualify,Round of 16,Round of 16,40,12-15-6,Third Place-1962,0,1.21,49,1.48
Yugoslavia,Semifinalists,Did Not Qualify,Did Not Qualify,Group Stage,Quarterfinalists,Quarterfinalists,Semifinalists,Did Not Qualify,Did Not Qualify,Group Stage,Did Not Qualify,Group Stage,Did Not Qualify,Quarterfinalists,Did Not Qualify,Round of 16,Did Not Qualify,Did Not Qualify,Did Not Qualify,Did Not Qualify,60,16-14-7,Semifinalists-1962,0,1.62,46,1.24
Brazil,Group Stage,Round of 16,Third Place,Runners-Up,Quarterfinalists,Winners,Winners,Group Stage,Winners,Group Stage,Third Place,Group Stage,Quarterfinalists,Round of 16,Runners-Up,Runners-Up,Winners,Quarterfinalists,Quarterfinalists,Semifinalists,220,70-20-13,Winners-2002,4,2.14,101,0.98
Bolivia,Group Stage,Did Not Qualify,Did Not Qualify,Group Stage,Did Not Qualify,Did Not Qualify,Did Not Qualify,Did Not Qualify,Did Not Qualify,Did Not Qualify,Did Not Qualify,Did Not Qualify,Did Not Qualify,Did Not Qualify,Group Stage,Did Not Qualify,Did Not Qualify,Did Not Qualify,Did Not Qualify,Did Not Qualify,1,0-5-1,Group Stage-1994,0,0.17,20,3.33
Romania,Group Stage,Round of 16,Round of 16,Did Not Qualify,Did Not Qualify,Did Not Qualify,Did Not Qualify,Did Not Qualify,Group Stage,Did Not Qualify,Did Not Qualify,Did Not Qualify,Did Not Qualify,Round of 16,Quarterfinalists,Round of 16,Did Not Qualify,Did Not Qualify,Did Not Qualify,Did Not Qualify,27,8-9-3,Quarterfinalists-1994,0,1.35,29,1.45
Peru,Group Stage,Did Not Qualify,Did Not Qualify,Did Not Qualify,Did Not Qualify,Did Not Qualify,Did Not Qualify,Did Not Qualify,Quarterfinalists,Did Not Qualify,Group Stage,Group Stage,Did Not Qualify,Did Not Qualify,Did Not Qualify,Did Not Qualify,Did Not Qualify,Did Not Qualify,Did Not Qualify,Did Not Qualify,19,4-8-3,Quarterfinalists-1970,0,1.27,31,2.07
Uruguay,Winners,Did Not Qualify,Did Not Qualify,Winners,Semifinalists,Did Not Qualify,Group Stage,Quarterfinalists,Semifinalists,Group Stage,Did Not Qualify,Did Not Qualify,Round of 16,Round of 16,Did Not Qualify,Did Not Qualify,Group Stage,Did Not Qualify,Semifinalists,Round of 16,80,20-20-11,Winners-1950,1,1.57,71,1.39
USA,Third Place,Round of 16,Did Not Qualify,Group Stage,Did Not Qualify,Did Not Qualify,Did Not Qualify,Did Not Qualify,Did Not Qualify,Did Not Qualify,Did Not Qualify,Did Not Qualify,Did Not Qualify,Group Stage,Round of 16,Group Stage,Quarterfinalists,Group Stage,Round of 16,Round of 16,37,8-19-6,Third Place-1930,0,1.12,62,1.88
Belgium,Group Stage,Round of 16,Round of 16,Did Not Qualify,Group Stage,Did Not Qualify,Did Not Qualify,Did Not Qualify,Group Stage,Did Not Qualify,Did Not Qualify,Group Stage,Semifinalists,Round of 16,Round of 16,Group Stage,Round of 16,Did Not Qualify,Did Not Qualify,Quarterfinalists,52,15-18-8,Semifinalists-1986,0,1.27,66,1.61
Paraguay,Group Stage,Did Not Qualify,Did Not Qualify,Group Stage,Did Not Qualify,Group Stage,Did Not Qualify,Did Not Qualify,Did Not Qualify,Did Not Qualify,Did Not Qualify,Did Not Qualify,Round of 16,Did Not Qualify,Did Not Qualify,Round of 16,Round of 16,Group Stage,Quarterfinalists,Did Not Qualify,30,7-11-9,Quarterfinalists-2010,0,1.11,38,1.41
Italy,Did Not Qualify,Winners,Winners,Group Stage,Group Stage,Did Not Qualify,Group Stage,Group Stage,Runners-Up,Group Stage,Group Stage,Winners,Round of 16,Third Place,Winners,Quarterfinalists,Round of 16,Runners-Up,Group Stage,Group Stage,127,45-20-17,Winners-1994,4,1.55,76,0.93
Spain,Did Not Qualify,Quarterfinalists,Did Not Qualify,Group Stage,Did Not Qualify,Did Not Qualify,Group Stage,Group Stage,Did Not Qualify,Did Not Qualify,Group Stage,Group Stage,Quarterfinalists,Round of 16,Quarterfinalists,Group Stage,Quarterfinalists,Round of 16,Winners,Group Stage,91,29-21-8,Winners-2010,1,1.57,65,1.12
Austria,Did Not Qualify,Semifinalists,Round of 16,Did Not Qualify,Third Place,Group Stage,Did Not Qualify,Did Not Qualify,Did Not Qualify,Did Not Qualify,Group Stage,Group Stage,Did Not Qualify,Group Stage,Did Not Qualify,Group Stage,Did Not Qualify,Did Not Qualify,Did Not Qualify,Did Not Qualify,43,12-14-4,Third Place-1954,0,1.43,50,1.67
Hungary,Did Not Qualify,Quarterfinalists,Runners-Up,Did Not Qualify,Runners-Up,Group Stage,Quarterfinalists,Quarterfinalists,Did Not Qualify,Did Not Qualify,Group Stage,Group Stage,Group Stage,Did Not Qualify,Did Not Qualify,Did Not Qualify,Did Not Qualify,Did Not Qualify,Did Not Qualify,Did Not Qualify,87,15-14-3,Runners-Up-1954,0,2.72,57,1.78
Egypt,Did Not Qualify,Round of 16,Did Not Qualify,Did Not Qualify,Did Not Qualify,Did Not Qualify,Did Not Qualify,Did Not Qualify,Did Not Qualify,Did Not Qualify,Did Not Qualify,Did Not Qualify,Did Not Qualify,Group Stage,Did Not Qualify,Did Not Qualify,Did Not Qualify,Did Not Qualify,Did Not Qualify,Did Not Qualify,3,0-2-2,Round of 16-1934,0,0.75,6,1.50
Czechoslovakia,Did Not Qualify,Runners-Up,Quarterfinalists,Did Not Qualify,Group Stage,Group Stage,Runners-Up,Did Not Qualify,Group Stage,Did Not Qualify,Did Not Qualify,Group Stage,Did Not Qualify,Quarterfinalists,Did Not Qualify,Did Not Qualify,Did Not Qualify,Did Not Qualify,Did Not Qualify,Did Not Qualify,43,11-14-4,Runners-Up-1962,0,1.48,44,1.52
Switzerland,Did Not Qualify,Quarterfinalists,Quarterfinalists,Group Stage,Quarterfinalists,Did Not Qualify,Group Stage,Group Stage,Did Not Qualify,Did Not Qualify,Did Not Qualify,Did Not Qualify,Did Not Qualify,Did Not Qualify,Round of 16,Did Not Qualify,Did Not Qualify,Round of 16,Group Stage,Round of 16,44,11-16-5,Quarterfinalists-1954,0,1.38,58,1.81
Netherlands,Did Not Qualify,Round of 16,Round of 16,Did Not Qualify,Did Not Qualify,Did Not Qualify,Did Not Qualify,Did Not Qualify,Did Not Qualify,Runners-Up,Runners-Up,Did Not Qualify,Did Not Qualify,Round of 16,Quarterfinalists,Semifinalists,Did Not Qualify,Round of 16,Runners-Up,Third Place,86,28-13-9,Runners-Up-2010,0,1.72,48,0.96
Germany,Did Not Qualify,Third Place,Round of 16,Did Not Qualify,Did Not Qualify,Did Not Qualify,Did Not Qualify,Did Not Qualify,Did Not Qualify,Did Not Qualify,Did Not Qualify,Did Not Qualify,Did Not Qualify,Did Not Qualify,Quarterfinalists,Quarterfinalists,Runners-Up,Third Place,Third Place,Winners,92,30-9-4,Winners-2014,1,2.14,43,1.00
Sweden,Did Not Qualify,Quarterfinalists,Semifinalists,Third Place,Did Not Qualify,Runners-Up,Did Not Qualify,Did Not Qualify,Group Stage,Group Stage,Group Stage,Did Not Qualify,Did Not Qualify,Group Stage,Third Place,Did Not Qualify,Round of 16,Round of 16,Did Not Qualify,Did Not Qualify,77,18-17-12,Runners-Up-1958,0,1.64,69,1.47
Norway,Did Not Qualify,Did Not Qualify,Round of 16,Did Not Qualify,Did Not Qualify,Did Not Qualify,Did Not Qualify,Did Not Qualify,Did Not Qualify,Did Not Qualify,Did Not Qualify,Did Not Qualify,Did Not Qualify,Did Not Qualify,Group Stage,Round of 16,Did Not Qualify,Did Not Qualify,Did Not Qualify,Did Not Qualify,7,2-3-3,Round of 16-1998,0,0.88,8,1.00
Poland,Did Not Qualify,Did Not Qualify,Round of 16,Did Not Qualify,Did Not Qualify,Did Not Qualify,Did Not Qualify,Did Not Qualify,Did Not Qualify,Third Place,Group Stage,Third Place,Round of 16,Did Not Qualify,Did Not Qualify,Did Not Qualify,Group Stage,Group Stage,Did Not Qualify,Did Not Qualify,44,15-11-5,Third Place-1982,0,1.42,40,1.29
Dutch East Indies,Did Not Qualify,Did Not Qualify,Round of 16,Did Not Qualify,Did Not Qualify,Did Not Qualify,Did Not Qualify,Did Not Qualify,Did Not Qualify,Did Not Qualify,Did Not Qualify,Did Not Qualify,Did Not Qualify,Did Not Qualify,Did Not Qualify,Did Not Qualify,Did Not Qualify,Did Not Qualify,Did Not Qualify,Did Not Qualify,0,0-1-0,Round of 16-1938,0,0.00,6,6.00
Cuba,Did Not Qualify,Did Not Qualify,Quarterfinalists,Did Not Qualify,Did Not Qualify,Did Not Qualify,Did Not Qualify,Did Not Qualify,Did Not Qualify,Did Not Qualify,Did Not Qualify,Did Not Qualify,Did Not Qualify,Did Not Qualify,Did Not Qualify,Did Not Qualify,Did Not Qualify,Did Not Qualify,Did Not Qualify,Did Not Qualify,2,1-1-0,Quarterfinalists-1938,0,1.00,9,4.50
England,Did Not Qualify,Did Not Qualify,Did Not Qualify,Group Stage,Quarterfinalists,Group Stage,Quarterfinalists,Winners,Quarterfinalists,Did Not Qualify,Did Not Qualify,Group Stage,Quarterfinalists,Semifinalists,Did Not Qualify,Round of 16,Quarterfinalists,Quarterfinalists,Round of 16,Group Stage,79,28-17-17,Winners-1966,1,1.27,56,0.90
Germany FR,Did Not Qualify,Did Not Qualify,Did Not Qualify,Did Not Qualify,Winners,Semifinalists,Quarterfinalists,Runners-Up,Third Place,Winners,Group Stage,Runners-Up,Runners-Up,Winners,Did Not Qualify,Did Not Qualify,Did Not Qualify,Did Not Qualify,Did Not Qualify,Did Not Qualify,131,36-15-11,Winners-1990,3,2.11,77,1.24
Turkey,Did Not Qualify,Did Not Qualify,Did Not Qualify,Did Not Qualify,Group Stage,Did Not Qualify,Did Not Qualify,Did Not Qualify,Did Not Qualify,Did Not Qualify,Did Not Qualify,Did Not Qualify,Did Not Qualify,Did Not Qualify,Did Not Qualify,Did Not Qualify,Third Place,Did Not Qualify,Did Not Qualify,Did Not Qualify,20,5-4-1,Third Place-2002,0,2.00,17,1.70
Korea Republic,Did Not Qualify,Did Not Qualify,Did Not Qualify,Did Not Qualify,Group Stage,Did Not Qualify,Did Not Qualify,Did Not Qualify,Did Not Qualify,Did Not Qualify,Did Not Qualify,Did Not Qualify,Group Stage,Group Stage,Group Stage,Group Stage,Semifinalists,Group Stage,Round of 16,Group Stage,31,6-17-8,Semifinalists-2002,0,1.00,67,2.16
Scotland,Did Not Qualify,Did Not Qualify,Did Not Qualify,Did Not Qualify,Group Stage,Group Stage,Did Not Qualify,Did Not Qualify,Did Not Qualify,Group Stage,Group Stage,Group Stage,Group Stage,Group Stage,Did Not Qualify,Group Stage,Did Not Qualify,Did Not Qualify,Did Not Qualify,Did Not Qualify,25,4-12-7,Group Stage-1998,0,1.09,41,1.78
Northern Ireland,Did Not Qualify,Did Not Qualify,Did Not Qualify,Did Not Qualify,Did Not Qualify,Quarterfinalists,Did Not Qualify,Did Not Qualify,Did Not Qualify,Did Not Qualify,Did Not Qualify,Group Stage,Group Stage,Did Not Qualify,Did Not Qualify,Did Not Qualify,Did Not Qualify,Did Not Qualify,Did Not Qualify,Did Not Qualify,13,3-5-5,Quarterfinalists-1958,0,1.00,23,1.77
Wales,Did Not Qualify,Did Not Qualify,Did Not Qualify,Did Not Qualify,Did Not Qualify,Quarterfinalists,Did Not Qualify,Did Not Qualify,Did Not Qualify,Did Not Qualify,Did Not Qualify,Did Not Qualify,Did Not Qualify,Did Not Qualify,Did Not Qualify,Did Not Qualify,Did Not Qualify,Did Not Qualify,Did Not Qualify,Did Not Qualify,4,1-1-3,Quarterfinalists-1958,0,0.80,4,0.80
Soviet Union,Did Not Qualify,Did Not Qualify,Did Not Qualify,Did Not Qualify,Did Not Qualify,Quarterfinalists,Quarterfinalists,Semifinalists,Quarterfinalists,Did Not Qualify,Did Not Qualify,Group Stage,Round of 16,Group Stage,Did Not Qualify,Did Not Qualify,Did Not Qualify,Did Not Qualify,Did Not Qualify,Did Not Qualify,53,15-10-6,Semifinalists-1966,0,1.71,34,1.10
Colombia,Did Not Qualify,Did Not Qualify,Did Not Qualify,Did Not Qualify,Did Not Qualify,Did Not Qualify,Group Stage,Did Not Qualify,Did Not Qualify,Did Not Qualify,Did Not Qualify,Did Not Qualify,Did Not Qualify,Round of 16,Group Stage,Group Stage,Did Not Qualify,Did Not Qualify,Did Not Qualify,Quarterfinalists,26,7-9-2,Quarterfinalists-2014,0,1.44,27,1.50
Bulgaria,Did Not Qualify,Did Not Qualify,Did Not Qualify,Did Not Qualify,Did Not Qualify,Did Not Qualify,Group Stage,Group Stage,Group Stage,Group Stage,Did Not Qualify,Did Not Qualify,Round of 16,Did Not Qualify,Semifinalists,Group Stage,Did Not Qualify,Did Not Qualify,Did Not Qualify,Did Not Qualify,22,4-15-7,Semifinalists-1994,0,0.85,53,2.04
Portugal,Did Not Qualify,Did Not Qualify,Did Not Qualify,Did Not Qualify,Did Not Qualify,Did Not Qualify,Did Not Qualify,Third Place,Did Not Qualify,Did Not Qualify,Did Not Qualify,Did Not Qualify,Group Stage,Did Not Qualify,Did Not Qualify,Did Not Qualify,Group Stage,Semifinalists,Round of 16,Group Stage,43,14-9-3,Third Place-1966,0,1.65,29,1.12
Korea DPR,Did Not Qualify,Did Not Qualify,Did Not Qualify,Did Not Qualify,Did Not Qualify,Did Not Qualify,Did Not Qualify,Quarterfinalists,Did Not Qualify,Did Not Qualify,Did Not Qualify,Did Not Qualify,Did Not Qualify,Did Not Qualify,Did Not Qualify,Did Not Qualify,Did Not Qualify,Did Not Qualify,Group Stage,Did Not Qualify,6,1-5-1,Quarterfinalists-1966,0,0.86,21,3.00
El Salvador,Did Not Qualify,Did Not Qualify,Did Not Qualify,Did Not Qualify,Did Not Qualify,Did Not Qualify,Did Not Qualify,Did Not Qualify,Group Stage,Did Not Qualify,Did Not Qualify,Group Stage,Did Not Qualify,Did Not Qualify,Did Not Qualify,Did Not Qualify,Did Not Qualify,Did Not Qualify,Did Not Qualify,Did Not Qualify,1,0-6-0,Group Stage-1982,0,0.17,22,3.67
Israel,Did Not Qualify,Did Not Qualify,Did Not Qualify,Did Not Qualify,Did Not Qualify,Did Not Qualify,Did Not Qualify,Did Not Qualify,Group Stage,Did Not Qualify,Did Not Qualify,Did Not Qualify,Did Not Qualify,Did Not Qualify,Did Not Qualify,Did Not Qualify,Did Not Qualify,Did Not Qualify,Did Not Qualify,Did Not Qualify,1,0-1-2,Group Stage-1970,0,0.33,3,1.00
Morocco,Did Not Qualify,Did Not Qualify,Did Not Qualify,Did Not Qualify,Did Not Qualify,Did Not Qualify,Did Not Qualify,Did Not Qualify,Group Stage,Did Not Qualify,Did Not Qualify,Did Not Qualify,Round of 16,Did Not Qualify,Group Stage,Group Stage,Did Not Qualify,Did Not Qualify,Did Not Qualify,Did Not Qualify,12,2-7-4,Round of 16-1986,0,0.92,18,1.38
German DR,Did Not Qualify,Did Not Qualify,Did Not Qualify,Did Not Qualify,Did Not Qualify,Did Not Qualify,Did Not Qualify,Did Not Qualify,Did Not Qualify,Group Stage,Did Not Qualify,Did Not Qualify,Did Not Qualify,Did Not Qualify,Did Not Qualify,Did Not Qualify,Did Not Qualify,Did Not Qualify,Did Not Qualify,Did Not Qualify,5,2-2-2,Group Stage-1974,0,0.83,5,0.83
Australia,Did Not Qualify,Did Not Qualify,Did Not Qualify,Did Not Qualify,Did Not Qualify,Did Not Qualify,Did Not Qualify,Did Not Qualify,Did Not Qualify,Group Stage,Did Not Qualify,Did Not Qualify,Did Not Qualify,Did Not Qualify,Did Not Qualify,Did Not Qualify,Did Not Qualify,Round of 16,Group Stage,Group Stage,11,2-8-3,Round of 16-2006,0,0.85,26,2.00
Zaire,Did Not Qualify,Did Not Qualify,Did Not Qualify,Did Not Qualify,Did Not Qualify,Did Not Qualify,Did Not Qualify,Did Not Qualify,Did Not Qualify,Group Stage,Did Not Qualify,Did Not Qualify,Did Not Qualify,Did Not Qualify,Did Not Qualify,Did Not Qualify,Did Not Qualify,Did Not Qualify,Did Not Qualify,Did Not Qualify,0,0-3-0,Group Stage-1974,0,0.00,14,4.67
Haiti,Did Not Qualify,Did Not Qualify,Did Not Qualify,Did Not Qualify,Did Not Qualify,Did Not Qualify,Did Not Qualify,Did Not Qualify,Did Not Qualify,Group Stage,Did Not Qualify,Did Not Qualify,Did Not Qualify,Did Not Qualify,Did Not Qualify,Did Not Qualify,Did Not Qualify,Did Not Qualify,Did Not Qualify,Did Not Qualify,2,0-3-0,Group Stage-1974,0,0.67,14,4.67
Tunisia,Did Not Qualify,Did Not Qualify,Did Not Qualify,Did Not Qualify,Did Not Qualify,Did Not Qualify,Did Not Qualify,Did Not Qualify,Did Not Qualify,Did Not Qualify,Group Stage,Did Not Qualify,Did Not Qualify,Did Not Qualify,Did Not Qualify,Group Stage,Group Stage,Group Stage,Did Not Qualify,Did Not Qualify,8,1-7-4,Group Stage-2006,0,0.67,17,1.42
IR Iran,Did Not Qualify,Did Not Qualify,Did Not Qualify,Did Not Qualify,Did Not Qualify,Did Not Qualify,Did Not Qualify,Did Not Qualify,Did Not Qualify,Did Not Qualify,Group Stage,Did Not Qualify,Did Not Qualify,Did Not Qualify,Did Not Qualify,Did Not Qualify,Did Not Qualify,Group Stage,Did Not Qualify,Group Stage,2,0-4-2,Group Stage-2014,0,0.33,10,1.67
Iran,Did Not Qualify,Did Not Qualify,Did Not Qualify,Did Not Qualify,Did Not Qualify,Did Not Qualify,Did Not Qualify,Did Not Qualify,Did Not Qualify,Did Not Qualify,Group Stage,Did Not Qualify,Did Not Qualify,Did Not Qualify,Did Not Qualify,Group Stage,Did Not Qualify,Group Stage,Did Not Qualify,Did Not Qualify,5,1-4-1,Group Stage-2006,0,0.83,12,2.00
Cameroon,Did Not Qualify,Did Not Qualify,Did Not Qualify,Did Not Qualify,Did Not Qualify,Did Not Qualify,Did Not Qualify,Did Not Qualify,Did Not Qualify,Did Not Qualify,Did Not Qualify,Group Stage,Did Not Qualify,Quarterfinalists,Group Stage,Group Stage,Group Stage,Did Not Qualify,Group Stage,Group Stage,18,4-12-7,Quarterfinalists-1990,0,0.78,43,1.87
Algeria,Did Not Qualify,Did Not Qualify,Did Not Qualify,Did Not Qualify,Did Not Qualify,Did Not Qualify,Did Not Qualify,Did Not Qualify,Did Not Qualify,Did Not Qualify,Did Not Qualify,Group Stage,Group Stage,Did Not Qualify,Did Not Qualify,Did Not Qualify,Did Not Qualify,Did Not Qualify,Group Stage,Round of 16,13,3-7-3,Round of 16-2014,0,1.00,19,1.46
Kuwait,Did Not Qualify,Did Not Qualify,Did Not Qualify,Did Not Qualify,Did Not Qualify,Did Not Qualify,Did Not Qualify,Did Not Qualify,Did Not Qualify,Did Not Qualify,Did Not Qualify,Group Stage,Did Not Qualify,Did Not Qualify,Did Not Qualify,Did Not Qualify,Did Not Qualify,Did Not Qualify,Did Not Qualify,Did Not Qualify,2,0-2-1,Group Stage-1982,0,0.67,6,2.00
Honduras,Did Not Qualify,Did Not Qualify,Did Not Qualify,Did Not Qualify,Did Not Qualify,Did Not Qualify,Did Not Qualify,Did Not Qualify,Did Not Qualify,Did Not Qualify,Did Not Qualify,Group Stage,Did Not Qualify,Did Not Qualify,Did Not Qualify,Did Not Qualify,Did Not Qualify,Did Not Qualify,Group Stage,Group Stage,3,0-6-3,Group Stage-2014,0,0.33,14,1.56
New Zealand,Did Not Qualify,Did Not Qualify,Did Not Qualify,Did Not Qualify,Did Not Qualify,Did Not Qualify,Did Not Qualify,Did Not Qualify,Did Not Qualify,Did Not Qualify,Did Not Qualify,Group Stage,Did Not Qualify,Did Not Qualify,Did Not Qualify,Did Not Qualify,Did Not Qualify,Did Not Qualify,Group Stage,Did Not Qualify,4,0-3-3,Group Stage-2010,0,0.67,14,2.33
Iraq,Did Not Qualify,Did Not Qualify,Did Not Qualify,Did Not Qualify,Did Not Qualify,Did Not Qualify,Did Not Qualify,Did Not Qualify,Did Not Qualify,Did Not Qualify,Did Not Qualify,Did Not Qualify,Group Stage,Did Not Qualify,Did Not Qualify,Did Not Qualify,Did Not Qualify,Did Not Qualify,Did Not Qualify,Did Not Qualify,1,0-3-0,Group Stage-1986,0,0.33,4,1.33
Canada,Did Not Qualify,Did Not Qualify,Did Not Qualify,Did Not Qualify,Did Not Qualify,Did Not Qualify,Did Not Qualify,Did Not Qualify,Did Not Qualify,Did Not Qualify,Did Not Qualify,Did Not Qualify,Group Stage,Did Not Qualify,Did Not Qualify,Did Not Qualify,Did Not Qualify,Did Not Qualify,Did Not Qualify,Did Not Qualify,0,0-3-0,Group Stage-1986,0,0.00,5,1.67
Denmark,Did Not Qualify,Did Not Qualify,Did Not Qualify,Did Not Qualify,Did Not Qualify,Did Not Qualify,Did Not Qualify,Did Not Qualify,Did Not Qualify,Did Not Qualify,Did Not Qualify,Did Not Qualify,Round of 16,Did Not Qualify,Did Not Qualify,Quarterfinalists,Round of 16,Did Not Qualify,Group Stage,Did Not Qualify,27,8-6-2,Quarterfinalists-1998,0,1.69,24,1.50
Costa Rica,Did Not Qualify,Did Not Qualify,Did Not Qualify,Did Not Qualify,Did Not Qualify,Did Not Qualify,Did Not Qualify,Did Not Qualify,Did Not Qualify,Did Not Qualify,Did Not Qualify,Did Not Qualify,Did Not Qualify,Round of 16,Did Not Qualify,Did Not Qualify,Group Stage,Group Stage,Did Not Qualify,Quarterfinalists,17,6-7-2,Quarterfinalists-2014,0,1.13,23,1.53
United Arab Emirates,Did Not Qualify,Did Not Qualify,Did Not Qualify,Did Not Qualify,Did Not Qualify,Did Not Qualify,Did Not Qualify,Did Not Qualify,Did Not Qualify,Did Not Qualify,Did Not Qualify,Did Not Qualify,Did Not Qualify,Group Stage,Did Not Qualify,Did Not Qualify,Did Not Qualify,Did Not Qualify,Did Not Qualify,Did Not Qualify,2,0-3-0,Group Stage-1990,0,0.67,11,3.67
Republic of Ireland,Did Not Qualify,Did Not Qualify,Did Not Qualify,Did Not Qualify,Did Not Qualify,Did Not Qualify,Did Not Qualify,Did Not Qualify,Did Not Qualify,Did Not Qualify,Did Not Qualify,Did Not Qualify,Did Not Qualify,Quarterfinalists,Round of 16,Did Not Qualify,Round of 16,Did Not Qualify,Did Not Qualify,Did Not Qualify,10,3/3/2007,Quarterfinalists-1990,0,0.77,10,0.77
Russia,Did Not Qualify,Did Not Qualify,Did Not Qualify,Did Not Qualify,Did Not Qualify,Did Not Qualify,Did Not Qualify,Did Not Qualify,Did Not Qualify,Did Not Qualify,Did Not Qualify,Did Not Qualify,Did Not Qualify,Did Not Qualify,Group Stage,Did Not Qualify,Group Stage,Did Not Qualify,Did Not Qualify,Group Stage,13,2-5-2,Group Stage-2014,0,1.44,13,1.44
Greece,Did Not Qualify,Did Not Qualify,Did Not Qualify,Did Not Qualify,Did Not Qualify,Did Not Qualify,Did Not Qualify,Did Not Qualify,Did Not Qualify,Did Not Qualify,Did Not Qualify,Did Not Qualify,Did Not Qualify,Did Not Qualify,Group Stage,Did Not Qualify,Did Not Qualify,Did Not Qualify,Group Stage,Round of 16,5,3-6-1,Round of 16-2014,0,0.50,20,2.00
Nigeria,Did Not Qualify,Did Not Qualify,Did Not Qualify,Did Not Qualify,Did Not Qualify,Did Not Qualify,Did Not Qualify,Did Not Qualify,Did Not Qualify,Did Not Qualify,Did Not Qualify,Did Not Qualify,Did Not Qualify,Did Not Qualify,Round of 16,Round of 16,Group Stage,Did Not Qualify,Group Stage,Round of 16,20,5-10-3,Round of 16-2014,0,1.11,26,1.44
Saudi Arabia,Did Not Qualify,Did Not Qualify,Did Not Qualify,Did Not Qualify,Did Not Qualify,Did Not Qualify,Did Not Qualify,Did Not Qualify,Did Not Qualify,Did Not Qualify,Did Not Qualify,Did Not Qualify,Did Not Qualify,Did Not Qualify,Round of 16,Group Stage,Group Stage,Group Stage,Did Not Qualify,Did Not Qualify,9,2-9-2,Round of 16-1994,0,0.69,32,2.46
South Africa,Did Not Qualify,Did Not Qualify,Did Not Qualify,Did Not Qualify,Did Not Qualify,Did Not Qualify,Did Not Qualify,Did Not Qualify,Did Not Qualify,Did Not Qualify,Did Not Qualify,Did Not Qualify,Did Not Qualify,Did Not Qualify,Did Not Qualify,Group Stage,Group Stage,Did Not Qualify,Group Stage,Did Not Qualify,11,2-3-4,Group Stage-2010,0,1.22,16,1.78
Japan,Did Not Qualify,Did Not Qualify,Did Not Qualify,Did Not Qualify,Did Not Qualify,Did Not Qualify,Did Not Qualify,Did Not Qualify,Did Not Qualify,Did Not Qualify,Did Not Qualify,Did Not Qualify,Did Not Qualify,Did Not Qualify,Did Not Qualify,Group Stage,Round of 16,Group Stage,Round of 16,Group Stage,14,5-9-3,Round of 16-2010,0,0.82,22,1.29
Jamaica,Did Not Qualify,Did Not Qualify,Did Not Qualify,Did Not Qualify,Did Not Qualify,Did Not Qualify,Did Not Qualify,Did Not Qualify,Did Not Qualify,Did Not Qualify,Did Not Qualify,Did Not Qualify,Did Not Qualify,Did Not Qualify,Did Not Qualify,Group Stage,Did Not Qualify,Did Not Qualify,Did Not Qualify,Did Not Qualify,3,1-2-0,Group Stage-1998,0,1.00,9,3.00
Croatia,Did Not Qualify,Did Not Qualify,Did Not Qualify,Did Not Qualify,Did Not Qualify,Did Not Qualify,Did Not Qualify,Did Not Qualify,Did Not Qualify,Did Not Qualify,Did Not Qualify,Did Not Qualify,Did Not Qualify,Did Not Qualify,Did Not Qualify,Third Place,Group Stage,Group Stage,Did Not Qualify,Group Stage,21,7-7-2,Third Place-1998,0,1.31,17,1.06
Senegal,Did Not Qualify,Did Not Qualify,Did Not Qualify,Did Not Qualify,Did Not Qualify,Did Not Qualify,Did Not Qualify,Did Not Qualify,Did Not Qualify,Did Not Qualify,Did Not Qualify,Did Not Qualify,Did Not Qualify,Did Not Qualify,Did Not Qualify,Did Not Qualify,Quarterfinalists,Did Not Qualify,Did Not Qualify,Did Not Qualify,7,2-1-2,Quarterfinalists-2002,0,1.40,6,1.20
Slovenia,Did Not Qualify,Did Not Qualify,Did Not Qualify,Did Not Qualify,Did Not Qualify,Did Not Qualify,Did Not Qualify,Did Not Qualify,Did Not Qualify,Did Not Qualify,Did Not Qualify,Did Not Qualify,Did Not Qualify,Did Not Qualify,Did Not Qualify,Did Not Qualify,Group Stage,Did Not Qualify,Group Stage,Did Not Qualify,5,1-4-1,Group Stage-2010,0,0.83,10,1.67
China PR,Did Not Qualify,Did Not Qualify,Did Not Qualify,Did Not Qualify,Did Not Qualify,Did Not Qualify,Did Not Qualify,Did Not Qualify,Did Not Qualify,Did Not Qualify,Did Not Qualify,Did Not Qualify,Did Not Qualify,Did Not Qualify,Did Not Qualify,Did Not Qualify,Group Stage,Did Not Qualify,Did Not Qualify,Did Not Qualify,0,0-3-0,Group Stage-2002,0,0.00,9,3.00
Ecuador,Did Not Qualify,Did Not Qualify,Did Not Qualify,Did Not Qualify,Did Not Qualify,Did Not Qualify,Did Not Qualify,Did Not Qualify,Did Not Qualify,Did Not Qualify,Did Not Qualify,Did Not Qualify,Did Not Qualify,Did Not Qualify,Did Not Qualify,Did Not Qualify,Group Stage,Round of 16,Did Not Qualify,Group Stage,10,4-5-1,Round of 16-2006,0,1.00,11,1.10
Trinidad and Tobago,Did Not Qualify,Did Not Qualify,Did Not Qualify,Did Not Qualify,Did Not Qualify,Did Not Qualify,Did Not Qualify,Did Not Qualify,Did Not Qualify,Did Not Qualify,Did Not Qualify,Did Not Qualify,Did Not Qualify,Did Not Qualify,Did Not Qualify,Did Not Qualify,Did Not Qualify,Group Stage,Did Not Qualify,Did Not Qualify,0,0-2-1,Group Stage-2006,0,0.00,4,1.33
Cote d'Ivoire,Did Not Qualify,Did Not Qualify,Did Not Qualify,Did Not Qualify,Did Not Qualify,Did Not Qualify,Did Not Qualify,Did Not Qualify,Did Not Qualify,Did Not Qualify,Did Not Qualify,Did Not Qualify,Did Not Qualify,Did Not Qualify,Did Not Qualify,Did Not Qualify,Did Not Qualify,Group Stage,Group Stage,Group Stage,13,3-5-1,Group Stage-2014,0,1.44,14,1.56
Serbia and Montenegro,Did Not Qualify,Did Not Qualify,Did Not Qualify,Did Not Qualify,Did Not Qualify,Did Not Qualify,Did Not Qualify,Did Not Qualify,Did Not Qualify,Did Not Qualify,Did Not Qualify,Did Not Qualify,Did Not Qualify,Did Not Qualify,Did Not Qualify,Did Not Qualify,Did Not Qualify,Group Stage,Did Not Qualify,Did Not Qualify,2,0-3-0,Group Stage-2006,0,0.67,10,3.33
Angola,Did Not Qualify,Did Not Qualify,Did Not Qualify,Did Not Qualify,Did Not Qualify,Did Not Qualify,Did Not Qualify,Did Not Qualify,Did Not Qualify,Did Not Qualify,Did Not Qualify,Did Not Qualify,Did Not Qualify,Did Not Qualify,Did Not Qualify,Did Not Qualify,Did Not Qualify,Group Stage,Did Not Qualify,Did Not Qualify,1,0-1-2,Group Stage-2006,0,0.33,2,0.67
Czech Republic,Did Not Qualify,Did Not Qualify,Did Not Qualify,Did Not Qualify,Did Not Qualify,Did Not Qualify,Did Not Qualify,Did Not Qualify,Did Not Qualify,Did Not Qualify,Did Not Qualify,Did Not Qualify,Did Not Qualify,Did Not Qualify,Did Not Qualify,Did Not Qualify,Did Not Qualify,Group Stage,Did Not Qualify,Did Not Qualify,3,1-2-0,Group Stage-2006,0,1.00,4,1.33
Ghana,Did Not Qualify,Did Not Qualify,Did Not Qualify,Did Not Qualify,Did Not Qualify,Did Not Qualify,Did Not Qualify,Did Not Qualify,Did Not Qualify,Did Not Qualify,Did Not Qualify,Did Not Qualify,Did Not Qualify,Did Not Qualify,Did Not Qualify,Did Not Qualify,Did Not Qualify,Round of 16,Quarterfinalists,Group Stage,13,5-5-2,Quarterfinalists-2010,0,1.08,16,1.33
Togo,Did Not Qualify,Did Not Qualify,Did Not Qualify,Did Not Qualify,Did Not Qualify,Did Not Qualify,Did Not Qualify,Did Not Qualify,Did Not Qualify,Did Not Qualify,Did Not Qualify,Did Not Qualify,Did Not Qualify,Did Not Qualify,Did Not Qualify,Did Not Qualify,Did Not Qualify,Group Stage,Did Not Qualify,Did Not Qualify,1,0-3-0,Group Stage-2006,0,0.33,6,2.00
Ukraine,Did Not Qualify,Did Not Qualify,Did Not Qualify,Did Not Qualify,Did Not Qualify,Did Not Qualify,Did Not Qualify,Did Not Qualify,Did Not Qualify,Did Not Qualify,Did Not Qualify,Did Not Qualify,Did Not Qualify,Did Not Qualify,Did Not Qualify,Did Not Qualify,Did Not Qualify,Quarterfinalists,Did Not Qualify,Did Not Qualify,5,2-2-1,Quarterfinalists-2006,0,1.00,7,1.40
Serbia,Did Not Qualify,Did Not Qualify,Did Not Qualify,Did Not Qualify,Did Not Qualify,Did Not Qualify,Did Not Qualify,Did Not Qualify,Did Not Qualify,Did Not Qualify,Did Not Qualify,Did Not Qualify,Did Not Qualify,Did Not Qualify,Did Not Qualify,Did Not Qualify,Did Not Qualify,Did Not Qualify,Group Stage,Did Not Qualify,2,1-2-0,Group Stage-2010,0,0.67,3,1.00
Slovakia,Did Not Qualify,Did Not Qualify,Did Not Qualify,Did Not Qualify,Did Not Qualify,Did Not Qualify,Did Not Qualify,Did Not Qualify,Did Not Qualify,Did Not Qualify,Did Not Qualify,Did Not Qualify,Did Not Qualify,Did Not Qualify,Did Not Qualify,Did Not Qualify,Did Not Qualify,Did Not Qualify,Round of 16,Did Not Qualify,5,1-2-1,Round of 16-2010,0,1.25,7,1.75
Bosnia and Herzegovina,Did Not Qualify,Did Not Qualify,Did Not Qualify,Did Not Qualify,Did Not Qualify,Did Not Qualify,Did Not Qualify,Did Not Qualify,Did Not Qualify,Did Not Qualify,Did Not Qualify,Did Not Qualify,Did Not Qualify,Did Not Qualify,Did Not Qualify,Did Not Qualify,Did Not Qualify,Did Not Qualify,Did Not Qualify,Group Stage,4,1-2-0,Group Stage-2014,0,1.33,4,1.33
